ID,Source,Sentimen,Kategori,Komentar
210,App Store,Negatif,Uncategorized,"Verifikasi wajah gagal terus - Berkali-kali verifikasi wajah gagal terus min, padahal sudah ikuti aturan"
208,App Store,Netral,Uncategorized,Setor dan tarik tunai - Belum ada setor dan tarik tunai lewat aplikasi
207,App Store,Positif,Uncategorized,mudah - lebih mudah pake ini dari pda yang lama
209,App Store,Positif,Uncategorized,"Mudah digunakan - Aplikasi perbankan yang sangat memudahkan user, engga kayak yang lama"
1,Play Store,Negatif,Uncategorized,KALAU BISA TIDAK BERI SATU BINTANG PUN SAYA TIDAK AKAN MEMBERI BINTANG SAMA SEKALI SANGAT BURUK
2,Play Store,Negatif,Uncategorized,"Saldo udah kepotong tapi notifikasi nya transfer belum berhasil dan memang belum masuk di rekening tujuan, jujur kecewa"
7,Play Store,Negatif,Uncategorized,"parah untuk TF gagal uang ga balik ,info ke cs ga balas"""
8,Play Store,Negatif,Uncategorized,aktivasi wonder terjadi kendala sistem melulu sudah 4 hari
9,Play Store,Negatif,Uncategorized,"tolong tiap sekali mau masuk gagal terus,harus dibuka beberapa kali baru bisa,ada tampilan tolong priksa jaringan internet anda..padahal jelas2 jaringannya bagus.aku coba pake wifi sama juga."
10,Play Store,Negatif,Uncategorized,saya tarik tunai tanpa kartu setelah transaksi dan kode otp keluar dan berhasil uangnya tidak keluar sama sekali padahal di m bangking sudah kepotong uangnya
11,Play Store,Negatif,Uncategorized,akun wondr saya terblokir dan sampai saat ini tidak bisa di buka.. apakh ada solusinya. selain dtang ke kantor cabang sudah saya lapor melalui WhatsApp dan email. tetapi 1 pun tidak ada yang merespon.. kecewa nasabah
15,Play Store,Negatif,Uncategorized,"ini bank kenapa tercatat transaksi gagal, tapi uang saya sudah ketarik, padahal ini urgent banget"
16,Play Store,Negatif,Uncategorized,12/1malam selalu gangguan
17,Play Store,Negatif,Uncategorized,ini rekening yang cocok untuk orang yang suka repot
18,Play Store,Negatif,Uncategorized,bermasalah terus ini qris nya BNi hahahahah
19,Play Store,Negatif,Uncategorized,"terlalu sering eror, apa lagi tengah malam."
20,Play Store,Negatif,Uncategorized,selalu eror
21,Play Store,Negatif,Uncategorized,"saya kecewa dengan aplikasi wonder by BNI,setiap mau melakukan transaksi di jam 11 aja erorr terus"
22,Play Store,Negatif,Uncategorized,"kenapa jaringan BNI Begini sekali? transfer berhasil, tapi dana tidak masuk"", ada apa BNI? perbaiki jaringan kalian. ini sangat menyusahkan, karena setiap bermasalah, harus selalu telepon CS, dan itu berbayar"
23,Play Store,Negatif,Uncategorized,"buka aplikasi lain lancar, pas buka wondr susah dibuka. apalgi klo beli2 dluar. susah bayar pake Qris"
25,Play Store,Negatif,Uncategorized,"yakin masih mau pakai BNI, TOP UP EMONEY TAPCASH sering gagal tapi selalu di potong salo, TF GAGAL ke lain bank saldo di potong proses balik Lama demen banget nge pending saldo nasabah😀, Tlf CS loading lama, hubungi CS lewat APK LAMA, Udah lamaaaaa semua lah pokoknya"
26,Play Store,Negatif,Uncategorized,apalah Transaksi Belum berhasil Tapi saldo di rekening saya Berkurang
28,Play Store,Negatif,Uncategorized,"parah bngt ini aplikasi wondr bni, bagus yg mobile bni, sesuai fungsinya dan simple. Skrg wondr bni mana harus update file besar banget, dibuka lambat, sering bug. tolong donk gmn klo yang hp spesifikasi standart, gk bakal bisa instal krn file besar kyk game. Saya coba kontak CS dg WhatsApp sangat lambat responnya, masak iya chat kamis pagi, balesnya jumat dinihari jam 01.00 dan cuma jeda 3 menit karena tidak ada respon lngng leave, apa iya nasabah harus standby 24 jam jg"
29,Play Store,Negatif,Uncategorized,"sering eror masa pas buka langsung ada pemberitahuan dalam perbaikan, di coba berkali kali sampe on off HP sampe 1inggu belum bisa di buka ahirnya saya hapus aplikasinya, mudah mudahan aku download lagi bisa masuk, untuk sementara ini saya kasih bintang 3 dulu"
30,Play Store,Negatif,Uncategorized,"ini kenapa tiba2 mbangking selalu muncul tulisan koneksi terputus yang menghruskan mengecek data seluler,wifi dll..jelas2 wifi lancar kenapa tidak bisa membuka mbankingnya juga???adapakah gerangan??mohon untuk ditindaklanjuti dan direspon"
31,Play Store,Negatif,Uncategorized,"vermuk"" menyusahkan gagal terus aplikasi gembel jgn sok canggih kalo sensor wajah nya lemah ... perusahaan besar koq buat aplikasi menyusahkan"
32,Play Store,Negatif,Uncategorized,Aplikasi Susah di buka
33,Play Store,Negatif,Uncategorized,"lemot banget buka aplikasinya, mentok diLogonya aja, masih bagus aplikasi mbankingnya dulu, kenapa harus dihapus? perbaiki ya...susah ini aplikasinya jelek, lemot, mau qris aja gak bisa2 buka aplikasinya. (sumpah ya min kumat kumatan aplikasi mu)."
35,Play Store,Negatif,Uncategorized,"saya kasih bintang 1 apk ini jelek menurut gue sih kalok ngajuin cc bni, jangan harap¹ deh sama kayak berharap sama mantan🗿 di setujui saya syukur, di tolak jga ga berharap🤭 catat lah ini dari nasabah lu yang di tolak mentah habis ini saya ga akan ngajuin lagi di bni menyesal sudah, bodoh amat mau nunggu 3bulan / 6bulan😂 maaf, cuman bisa kasih bintang 1 karena sudah menyesal maaf saya uninstall apk""nya🤣"
37,Play Store,Negatif,Uncategorized,"ini kenapa sih wondr waktu vermuk di suruh kedipin mata tapi udah berkali kali coba gk ada respon, tolong dong perbaiki bug nya"
38,Play Store,Negatif,Uncategorized,Terimakasih CS BNI karena tidak ada jawaban sama sekali baik chat WA. maupun Email. sangat2 mengecewakan. saya kapok pakai BNI. jauh kalau di bandingin dengan BCA!!!!!!!!!!
39,Play Store,Negatif,Uncategorized,"kadang tdk responsif, ngelag, muter² doang"
40,Play Store,Negatif,Uncategorized,"aplikasi sudah bagus, tapi tolong perbaiki lagi masa saldo saya sering sisa sendri pdhl ga pernah dipake sama sekali , pas itu ada saldo 100 lebih tpi pas di cek koo udh 30 an, tolong perbaiki lagi yah"
42,Play Store,Negatif,Uncategorized,"hai dev...mau nanya nih, sebelum update ke wondr saya pakai bni mobile nah disana ada menu setor tunai dan saya baru ngeh sekarang ketika saya cari menu setor tidak ada di wondr by BNI. ini saya yang tidak menemukan ato emang nda ada ya dev, mohon pencerahannya hehe"
43,Play Store,Negatif,Uncategorized,aplikasi saya tidak bisa di buka alasan ny tim lagi perbaikan padahal saya sudah mengupdate apk tersebut
44,Play Store,Negatif,Uncategorized,aplikasi gak bisa kebuka
45,Play Store,Negatif,Uncategorized,apak nya sering gk bisa di buka lelet dilai
46,Play Store,Negatif,Uncategorized,"tolong diperbaiki untuk notif dan mutasi masuknya lambat, jd ada orang TF tdk segera masuk notifnya ataupun mutasinya sdh masuk apa blmnya, sedangkan kita tdk ingat saldo awal kita!"
47,Play Store,Negatif,Uncategorized,"TRANFER BELUM BERHASIL TAPI RKENING SUDAH KEPOTONG, PENERIMA JUGA BLM MENERIMA TRANSFERAN, BUTUH BERAPA HARI SALDO BISA BALIK LAGI?"
48,Play Store,Negatif,Uncategorized,erorr mulu
49,Play Store,Negatif,Uncategorized,"sebenernya aplikasi ini sangat bagus, akan tetapi kita tidak bisa melihat saldo real-time pra dan pasca transaksi, dan tidak seperti waktu lalu BNI mobile banking"
51,Play Store,Negatif,Uncategorized,"kenapa si tampilan depan harus loading dulu sampe 5 menitttt mana gabisa langsung login , mau bantu ibu masukin kartu KKS malah terus di arahin bikin akun baru , padahal ibu aku udah punya rekening BNI . udh itu kalo mau login bukan nya langsung login , tapi lagi lagi ke arah bikin akun baru gimana sih , udh punya akun tapi ribetttttttt banget mau login susahhhhh !!!!!"
52,Play Store,Negatif,Uncategorized,Not rekomended untuk pencairan TPG sangat lama
53,Play Store,Negatif,Uncategorized,transfer gagal uang dipotong sudah 1 Minggu saldo gak kembali
56,Play Store,Negatif,Uncategorized,"dulu banking BNI sudah bagus, eh malah di alihkan ke wondr ini yg malah lbh lelet, sering gangguan dan belakangan malahan susah bgt mau login"
59,Play Store,Negatif,Uncategorized,"Sering gangguan, lambat dibuka, lambat transaksi Disaat kuota masih full, sinyal oke."
60,Play Store,Negatif,Uncategorized,"kenapa kalo di luar jam kerja aksesnya susah sekali, kadang benar2 gak muncul fitur loginya"
61,Play Store,Negatif,Uncategorized,biometrik sering eror
64,Play Store,Negatif,Uncategorized,setelah update banyak masalah
65,Play Store,Negatif,Uncategorized,nyesal kali aku download apk ini.sken kyurisnya ngk bisa
69,Play Store,Negatif,Uncategorized,"(tolong lapor ke departemen develop nya, saya udh test di 2 hp masih sama gabisa.. COBAIN SENDIRI!!, jangan cuma ngasih jawaban diplomatis aja) ... jadi saat pertama masuk aplikasi kan harus foto KTP, tetapi untuk hp yg kameranya error/rusak ada opsi dengan IKD... tapi pas di klik opsi IKD layar hanya blank white dan tidak menampilkan apapun.. ini bug aplikasinya karna telah dipastikan (jaringan 5G lancar dan IKD terdaftar di perangkat)"
70,Play Store,Negatif,Uncategorized,"mohon maaf izin bertanya ketika saya mau masuk untuk pembayaran qris mengapa harus mengosongkan riwayat ya saya bingung kalau habis data apakah saldo tersedot suatu rekening hilang ,🙏soalnya harus instal ulang"
71,Play Store,Negatif,Uncategorized,"Sudah beberapa hari ini setiap buka aplikasi Wondr, selalu tidak bisa. Yg muncul selalu tulisan Koneksi intèrnet terputus. Padahal jaringan internetnya bagus"
72,Play Store,Negatif,Uncategorized,kenapa pendaftaran lewat online tidak bisa dan disuruh memasukkan nomor kartu debit padahal saya baru mau mendaftar
73,Play Store,Negatif,Uncategorized,kenapa pendaftaran nasabah baru tidak bisa. mentok di menu masukan kartu debit atau kartu kredit. sedangkan belum punya rekeningnya😞
74,Play Store,Negatif,Uncategorized,"sementara bintang 2...ambil pakai mobile tunai masih harus pake pulsa buat otp,,, gak kaya lainnya,langsung dari aplikasinya. buat telp callsenternya juga ga gratis...ga kaya sebelah"
77,Play Store,Negatif,Uncategorized,kenapa sudah verifikasi wajah tapi tidak bisa masuk ke aplikasi wondr tolong diperbaiki.
78,Play Store,Negatif,Uncategorized,aplikasi wondr dari tgl 25&26 April g bisa d akses. padahal lagu urgent buat transaksi. mohon di perhatikan lagi team IT nya...!!
79,Play Store,Negatif,Uncategorized,"biaya ampun. tidak ada notif, tiba tiba akun dinonaktifkan. proses verifikasi Menjlimet. berhasil login, status tidak aktif. saat verifikasi centang berhasil. namun tulisan nya masih tidak aktif. dua kali mencoba, tidak bisa harus ke cabang."
80,Play Store,Negatif,Uncategorized,masa sudah daftar online mesti harus ke kantor bank biar appnya bisa digunakan tidak efisien
81,Play Store,Negatif,Uncategorized,"gak jelas ini apk nya, transaksinya gagal terus pdhl udh dekat deadline mau bayarnya, transfernya juga gak bisa bisa berhasil, udah di email di chat di dm gak balas balas, cs nya juga gak balas balas chat, dahlah nyesal pakai ini apk"
82,Play Store,Negatif,Uncategorized,aplikasi cacat transef sering gagal gajelas
83,Play Store,Negatif,Uncategorized,"yakinlah si wondr lama² akan ditinggalkan penggunanya kalau masih mempertahankan syarat harus memiliki kartu debit fisik untuk bisa menggunakan fitur mobile tunainya. mobile banking lain sudah tidak bergantung pada kartu fisik lagi. Tambah parahnya lagi ini aplikasi paling doyan ngefreez di tampilan logo depan aja, bikin badmood kalau pas lagi pengen cepet² transaksinya. heran juga ratingnya bagus tapi baca ulasan banyak yg kecewa."
84,Play Store,Negatif,Uncategorized,"Saya sangat kecewa dng pelayanan wondr by BNI ini, sy trf melalui rek BNI saya ke rek Mandiri saya, di rek BNI sdh terpotong, saldo sdh berkurang, tapi uang di rek Mandiri sy blm/tdk di terima, sdh hubungi CS BNI by 150046, sdh 2 hari blm ada penyelesaian, di suruh tunggu 5 hari, padahal uang tsb sangat di butuhkan untuk membayar yg sdh jatuh tempo"
86,Play Store,Negatif,Uncategorized,"lemottttt padahal hp tidak rusak,hp baru pun juga lemot"
87,Play Store,Negatif,Uncategorized,"Masih sering terjadi, load pertama selalu lama."
88,Play Store,Negatif,Uncategorized,knapa klo buka aplikasi melalui paket data selalu lemot...klo pakai wifi baru work anehh
90,Play Store,Negatif,Uncategorized,"Mau masuk wondr tiba"" disuruh isi data pake no hp, ktp dan foto selfie apaan coba maksudnya, mana mau di pake dan ktp ga kebawa di rumah ribet bgt idup"
91,Play Store,Negatif,Uncategorized,transaksi kurang detail.. tidak menampilkan jumlah saldo di rincian keluar masuk uang.. saldo cuma tebak tebakan saja bagusan bni MB yg dulu semoga di perbaiki
93,Play Store,Negatif,Uncategorized,jaman serba tanpa admin bulanan. wondr masih aja pakai admin.
95,Play Store,Negatif,Uncategorized,"sering gagal transaksi, pernah transfer 2x keterangan gagal, tapi ternyata saldo terpotong, walaupun 3 hari pada akhirnya saldo kembali, tapi tetap meresahkan, apalagi kalau lagi bayar makanan pake qrish terus gagal, malu banget"
96,Play Store,Negatif,Uncategorized,setoran uang lewat atm ngk masuk di saldo rekening udah sampai 2x pengaduan belum juga ada kejelasan pengembalian dananya. direspon suruh WhatsApp tapi nomernya tidak terdaftar WhatsApp udah hampir sebulan uang belum juga kembali
99,Play Store,Negatif,Uncategorized,saya nggak bisa verifikasi wajah ya padahal saya udah nggak pake aksesoris dan sudah ikut panduannya tapi kok tetep nggak bisa ya saya udah coba berulang kali selama 2 hari mohon bantuannya trimakasih 🙏🙏
100,Play Store,Negatif,Uncategorized,admin kenapa ya saya sudah teransaksi saldo saya pun udang kepotong tetapi tulisan nya teranfer belum berhasil tolong bantuan nya kira kira kenapa ya 🙏🙏🙏
101,Play Store,Negatif,Uncategorized,"Tf berhasil, cek mutasi berhasil, saldo berkurang, tp uang tdk sampai ke rek tujuan. nominal tidak sedikit, telp call center tidak terhubung, chat WA hanya dilayani bot. tolong dibantu"
102,Play Store,Negatif,Uncategorized,"apa si monyet tiba tiba di blok transaksi aja kaga tiba tiba di blok,maen blok blok aja gila lu,udh berapa kali ke blok heran NYUSAHIN MONYET"
103,Play Store,Negatif,Uncategorized,kecewa pakai wonder...ambil uang di ATM lewat mobil tunai...uang di aplikasi wonder saldo berkurang...tp ATM gak bisa kluar uang dan di layar ATM tertulis TRANSAKSI gagal...sungguh sangat mengecewakan...tgl 12 mo ambil 800rb...uang gak kluar...tgl 16 baru di balikin ke rekening...mo ambil 750...kasus yg sama trulang lagi...laporan udah suruh nunggu 7 hari kerja lagi ..hadehhh lama2 pada ogah pake wonder...banyak erooorr dan ngrepotin nasabah...SERING ERRORR
104,Play Store,Negatif,Uncategorized,"kagak jelas aplikasi, top up bnyak kendala.. saldo banyak, ga bisa transfer karena sisa saldo kurang dari minum.. kocak"
105,Play Store,Negatif,Uncategorized,"Mau transaksi di Apk ini gak bisa udah beberapa hari alasan perbaikan sistem,perbaikan kok lama banget.Giliran di Update malah susah alasan penyimpanan penuh,benahi sistemnya kalo belum mampu gak usah di pake"
106,Play Store,Negatif,Uncategorized,"kenapa si aplikasi masih noob suka udah di luncurin, kenapa enggak professional banget, mau stor tunai susah, kode otp pake pulsa, yg lain padahal enggak, fiturnya masih noob banget"
107,Play Store,Negatif,Uncategorized,"kenapa gaji saya dari Facebook pro tidak masuk masuk juga ke dalam rekening saya, padahal udah satu bulan, dan notifikasi dari Facebook pro udah berhasil terbayarkan"
108,Play Store,Negatif,Uncategorized,"tolong untuk mobile tunai kalau bisa jgn pakai OTP lewat sms, minimal wa atau dri aplikasi aja langsung. Zaman sekarang pulsa jarang kepakai dan itu memberatkan nasabah, belum lagi nominalnya hanya 1.250.000, masalah kalah sama B*A bisa lebih banyak dan gak ada otp2 an."
111,Play Store,Negatif,Uncategorized,login pasword sudah bener tapi nggak bisa masuk aneh bni
112,Play Store,Negatif,Uncategorized,sue gk ada menu login kacau nih apk
113,Play Store,Negatif,Uncategorized,apk paling ga wort jangan download apk sial
114,Play Store,Negatif,Uncategorized,"Parah, masih mending pake bni mobile banking ketimbang ini. Sedikit sedikit di perbaiki, error. Kapan bener nya ni aplikasi🤦‍♂️. Lgi urgent mau tf malah ga bisa, karna apk eror lgi di perbaiki. Ga cuma 1x 2x.."
115,Play Store,Negatif,Uncategorized,"kacau ini aplikasi, kadang baru mau buka aja udah lelet banget.. sangat mengganggu disaat saat genting (contohnya pada saat mau bayar pake qris)... perbikin dulu bug nya... masih enak aplikasi lama, sekelas BNI kok aplikasinya seperti ini."
116,Play Store,Negatif,Uncategorized,harus terlalu sering update
120,Play Store,Negatif,Uncategorized,kenapa apk tidak bisa di buka
122,Play Store,Negatif,Uncategorized,"verifikasi terus :((( setiap buka wondr selaluu verifikasiii rebet tau min, kadang verifikasinya selalu pakai KTP zzzzzzzzz"
123,Play Store,Negatif,Uncategorized,gk bisa daftar.... scan wajah eror trus
124,Play Store,Negatif,Uncategorized,sudah hampir satu minggu aplikasi ga bisa dibuka padahal sinyalnya bagus
126,Play Store,Negatif,Uncategorized,"kenapa gagal jaringan Mulu dah, gabisa login aneh bgt, pdhal versi udh terbaru, sinyal aman aja wifi buat streaming download juga aman, giliran buka wondr gabisa malah suruh periksa koneksi jaringan, gimana sih, kendala Mulu jmbd"
128,Play Store,Negatif,Uncategorized,"wooi BNI mobile kenapa akun mobile BNI saya tidak bisa login, hanya mentok di logo wondr by BNI saja?"
129,Play Store,Negatif,Uncategorized,akhir2 ini transaksi selalu gagal
132,Play Store,Negatif,Uncategorized,"lagi buru-buru, aplikasi wondr malah stuck di logo. bukan masalah koneksi soalnya pakai aplikasi banking bank lain aman aja."
133,Play Store,Negatif,Uncategorized,aneh
134,Play Store,Negatif,Uncategorized,Sudah depan kasir buka wondr hanya stuck di logo. terjadi bukan sekali dua kali. malaaassss bangettt.
138,Play Store,Negatif,Uncategorized,saya transfer ke luar negeri dari tanggal 9 maret 2026 sampai sekarang 25 april 2026 belum terkirim..saya chat di gmail dan di whatsapp tidak ada balasan...padahal saya sedang butuh uang itu tapi tidak bisa diandalkan
140,Play Store,Negatif,Uncategorized,oke
141,Play Store,Negatif,Uncategorized,"sering banget trangsaksi gagal, jelek banget si"
142,Play Store,Negatif,Uncategorized,aplikasi ga recommended sebentar sebentar ke blokir harus ke cabang setelah ke cabang ke blokir lg
143,Play Store,Negatif,Uncategorized,"aplikasi kagak jelas, ketika mau buka aplikasi keterangan koneksi internet terputus sedangkan aplikasi lain semuanya bisa di buka kalau bukan karna penggajian gx bakalan saya pake aplikasi ini"
144,Play Store,Negatif,Uncategorized,"lelet, sering error"
145,Play Store,Negatif,Uncategorized,"kenapa saldo minimum sekarang brubah tanpa pemberitahuan, kemaren2 mimimum saldo 15.000, sekarang 50.000 stelah transaksi."
147,Play Store,Negatif,Uncategorized,aplikasi sampah tiap jam 11 lebih mau transaksi suka gagal terus mana mau bayar lagi pas belanja apk nya jelekkkkkkkkkk!!!!!
148,Play Store,Negatif,Uncategorized,kenapa pindah hp harus masukin data lagi seharusnya kan kalo udah dftar maupun pindah asal hafal id n paswod lgsg bisa
151,Play Store,Negatif,Uncategorized,"bni,Tidak jeles akun wonde saya tiba"" di suru verifikasi wajah di kantor,di harus kan ke kantor mana posisi saya bekerja berada di tengah laut tolong solusinya nya donk knpa begini,pihak bni di wa slow respon, di email jga slow respon gimana si pihak bni"
153,Play Store,Negatif,Uncategorized,"gue mau chat sama CS melalui wsap kenapa tidak direspon? kalian mau korupsi?? ga cukup korupsi uang jemaat? saya cuma mau tanya saldo saya yang hilang 2jt setelah saya setor 20jt+saldo awal 6jt=26jt kenapa tiba tiba jadi 24jt saja?? itu saja yang saya mau tanya tapi tidak direspon, mutasi juga sudah saya cek berulang x dari bulan januari sampai sekarang ga ada keluar, sialan"
154,Play Store,Negatif,Uncategorized,"kenapa ya setiap login jaringannya putus-putus,padahal paket internet banyak.?"
155,Play Store,Negatif,Uncategorized,okebgt
157,Play Store,Negatif,Uncategorized,"aplikasi gak bisa kebuka, harus hapus data atau uninstall dulu. tiap hari kaya gitu, capek daftar & download nya. klo sudah kebuka dan keluar pas mau masuk lagi pasti udah gak bisa di buka lagi. lagi dan lagi"
158,Play Store,Negatif,Uncategorized,"tidak ada detail transaksi, tidak seperti mobil banking yg dulu, ada keterangan uang masuk, di wonder tidak tertulis apakahnitu gaji bonus atau apa uang apa."
159,Play Store,Negatif,Uncategorized,"awal nya saya mau bikin di BNI mobile banking, tapi di arahkan untuk pake wondr bni, setelah saya coba kenapa gak bisa transaksi kata nya gak ada rekening yg aktif padahal ada itu, dan ketika ada dana masuk kenapa gak ada notif nya sih kayak banking yang lain.... hhmm bintang 2 dulu dehh 😒"
162,Play Store,Negatif,Uncategorized,saldo gua kepotong!!!!!!!!!!
163,Play Store,Negatif,Uncategorized,Suruh di Up grade..tpi susah loading terus
165,Play Store,Negatif,Uncategorized,kenapa wondr boss lg nganguan y
168,Play Store,Negatif,Uncategorized,sejak kasus suster Natalia kehilangan uang 28 milyar aku jadi malas pakai BNI
169,Play Store,Negatif,Uncategorized,sangat mengecewakan aplikasi ini kenapa tiap masuk selalunya koneksi internet tidak ada padahal internetku aman2 ajah
170,Play Store,Negatif,Uncategorized,melelahkan pakai aplikasi ini
171,Play Store,Negatif,Uncategorized,aplikasinya lelet. emang aplikasinya yg lelet. aplikasi bank lain lancar. dan aplikasi selain bank
172,Play Store,Negatif,Uncategorized,saya transfer melalui Qris terus transaksi gagal tapi saldo saya tetap terpotong. saya udah nunggu 4 hari tapi saldo tidak di kembalikan dari pihak BNI ini gimana ya
173,Play Store,Negatif,Uncategorized,"saya kasih bintang 1 dlu lama kelamaan WONDER BY BNI GK jelas,saya melakukan transaksi saksi 2x lewat QRIS scan barcode gagal,saldo saya terpotong,sampe sekarang belum di kembalikan terus dana saya di Refund Reversal kan,sudah saya tlpon pihak bank BNI masih belum ada respon sama sekali tolong pihak BANK BNI mohon bantuan nya terimakasih 🙏"
174,Play Store,Negatif,Uncategorized,"kenapa mobile wondr saya tidak bisa dibuka, selalu keterangan wifi dan internet tidak ada, padahal ada dan koneksi internet bagus, uda seminggu seperti ini terus"
175,Play Store,Negatif,Uncategorized,tidak sebaik apliaksi mobile banking tidak tertera rincian transfer ganti aplikasi bukan lebih baik
177,Play Store,Negatif,Uncategorized,Aplikasi ini mempersulit nasabah. Mau buka rekening tapi dikunci sebab keterlambatan jaringan membuat OTP tidak bisa diisi tepat waktu sehingga dibilang kadaluarsa. Mau dilanjutkan tapi tidak lagi dibuka akses terpaksa rekening online dibuka di Bank lain.
179,Play Store,Negatif,Uncategorized,"lama bgt please loading buka aplikasinya, kdg mau bayar2 udh didepan kasir malu sndri gara2 lama buka ny, kudu buka tutup aplikasi"
181,Play Store,Negatif,Uncategorized,mbanking dari himbara paling bad
182,Play Store,Negatif,Uncategorized,"udah beberapa kali daftar gagal terus , tolong lah , d perbarui lgi aplikasinya."
183,Play Store,Negatif,Uncategorized,"Transaksi Sudah mencapai limit sementara untuk keamanan anda,terdapat limit Transaksi sementara di 3 hari pertama setelah registrasi atau reaktivasi word.anda bisa coba lagi kembali. trus mak ini trus kata"" kata,kalau mau transaksi sudah 1 bulan lebih cak ini trus. enak aplikasi lama . .trus saya tes untuk tarik duit di atm bersama,ternyata tidak bisa katanya ATM saya di blokir. ada masalah apa saya sama kalian sampai sampai atm saya kalian blokir."
184,Play Store,Negatif,Uncategorized,sering sekali susah dibuka buat emosi aja ini aplikasi orang udah buru buru mau bayar ga kebuka buka aplikasinya
185,Play Store,Negatif,Uncategorized,"semakin kesini wonder semakin lemot, sinyal bagus paket banyak, buka YouTube dan lain""bisa, knpa cuma wonder gak bisa"
186,Play Store,Negatif,Uncategorized,"TF uang gagal, saldo berkurang, gak balik balik! nyesel seumur idup make bni! layanan laporan gak ada , cuman call canter. Dih!!!!!"
187,Play Store,Negatif,Uncategorized,"Tolong di perbaiki apk wondr, utk login lama, utk transaksi jelek. saya transaksi pake qris saldo udah kepotong tapi transaksi gagal dan saldo gak balik lagi ke rekening saya"
188,Play Store,Negatif,Uncategorized,sangat ketewa
189,Play Store,Negatif,Uncategorized,kenapa ya aplikasinya tidak bisa di update
190,Play Store,Negatif,Uncategorized,"aneh banget ini aplikasi ngirim otp gak ada, cuma tiga kali lagi harus besoknya lagi ribet"
191,Play Store,Negatif,Uncategorized,gk sengaja ke hapus aplikasinya pas didownload gk bisa login ke akun malah disuruh bikin akun baru
192,Play Store,Negatif,Uncategorized,kenapa pada saat pertama instal aplikasi tidak ada buka tabungan baru? apakah aplikasi sedang erorr atau bagaimana sistem nya
193,Play Store,Negatif,Uncategorized,mau masuk harus log in pakai sandi. coba diperbaiki seperti dana atau gopay. mohon diperbaiki
194,Play Store,Negatif,Uncategorized,"kenapa setiap mau isi e-walet selalu ada kendala di dana? udh di coba berkali kali tetep sama,gagal terus kalo transaksi,ada kendala apa sih?"
197,Play Store,Negatif,Uncategorized,"ngirim keluhan ke email BNI bener bener mengecewakan! nggak pernah di balas kalau nasabah lagi ada keluhan. enakan BNI mobile yg sebelumnya. Nasabah lagi ada keluhan saldo terpotong karena transaksi pemabayaran Qris tapi nggak masuk ke tujuan uangnya, di mutasi tertera kalau saldo sudah terpotong dan memng sudah terpotong saldonya, tapi di bukti transaksi nggak ada keliatan sama sekali kalau sudah ada pembayaran via Qris. Jadi nggak tau kemana larinya itu saldo, dengan nominal yang lumayan besar"
199,Play Store,Negatif,Uncategorized,kurang maksimal terlalu banyak gangguan nya buka app wonder lelet nya minta ampun KLO di jam sibuk apalagi
200,Play Store,Negatif,Uncategorized,wonder sekarang sering eror nih kecewa banget sama pelayanannya responnya lama terkait disini gagal pembayaran QR tapi saldo udah kepotong 2x dan gak balik lagi saldo saya
201,Play Store,Negatif,Uncategorized,"kalo mau login aplikasi nya lelet banget,enakan aplikasi yang lama. masak tambah lama ngga tambah pintar"
202,Play Store,Negatif,Uncategorized,"sekarang pakai biaya topup ke dana, kmrn2 nggak nih, termasuk aplikasi lama free admin"
203,Play Store,Negatif,Uncategorized,saya pernah melakukan transaksi stor tunai di ATM BNI dislip tertera transaksi berhasil tapi uangnya GX pernah masuk ke saldo sampai berapa kali bolak balik CS GX ada kemajuan sampai sekarang...
204,Play Store,Negatif,Uncategorized,"jangan pake apk ini buat narik uang tanpa kartu. saya udah dua kali kejadian melakukan penarikan tanpa kartu, saldo kepotong uangnya nggak keluar dan harus bolak balik ke cabang buat laporan, dan juga pulsa saya habis buat nelpon ke pusat. di tanya ke cs malah negbandingin sama bank lain katanya mengalami hal yg serupa. gap dari dua kejadian tersebut bisa dibilang udah 2 bulan lalu dari kejdian pertama, tapi masih tetap sama gak ada perbaikan dan kakyaknya akan selalu begitu sampai selamanya"
205,Play Store,Negatif,Uncategorized,"saya kasi bintang 5 biar di notis .. uda 24 jam tapi uang saya ga dibalik""kin .. tolong dong sistemnya di perbaiki lagi .. saya nyaman banget pake wondr sebenernya.. tapi malesnya begini .. tranfer ggal tapi sldo kepotong gak cuma sekali lohh saya ngalamin..."
206,Play Store,Negatif,Uncategorized,"udah bagus tapi itu loh pas salah pencet bikin login ulang ga bisa balik lagi mana disitu saya buru"" lagu akhirnya ga bsa bayar untung ada papaku bayarin, nangis dari tadi gara"" ga bisa balik lagi padahal cuman salah tekan loh! emosi aku tuh Ampe nangis !!"
4,Play Store,Netral,Uncategorized,alamatnya belum lengkap Buton Tengah tida tertera dalam apk tersebut mohon di lengkapi alatamat untuk Buton Tengah
6,Play Store,Netral,Uncategorized,Ok
12,Play Store,Netral,Uncategorized,memudarkan setiap transaksi.. mantuul
24,Play Store,Netral,Uncategorized,rudet pake apk ni mit amit
34,Play Store,Netral,Uncategorized,audio saat proses pembukaan rekening error dan visualisasi delay bintang satu ⭐ 👎
55,Play Store,Netral,Uncategorized,"assalamualaikum bang ,ga bisa buka wondr by bni"
57,Play Store,Netral,Uncategorized,"belum menggunakan aplikasi BNI sekarang mau coba, jika mendapatkan hadiah dari uang kejutan"
62,Play Store,Netral,Uncategorized,"untuk qrisnya diperbaiki ya, JD jika gagal transaksi saldo tetap kepotong dan tidak kebali lagi,"
76,Play Store,Netral,Uncategorized,mantab
89,Play Store,Netral,Uncategorized,masih kurang setor tunai tanpa kartu belum bisa
109,Play Store,Netral,Uncategorized,bsgus
110,Play Store,Netral,Uncategorized,sudah ditf 50 ribu tapi gak masuk di rekening kok bisa min tolong di bantu
117,Play Store,Netral,Uncategorized,saya ganti bintangnya menjadi *** karena notifikasi pada aplikasi mulai membaik seperti transfer uang notifikasi langsung muncul tingkatkan appnya lagi di sisi biaya admin bulanan mungkin bisa dikurangi kedepannya.
119,Play Store,Netral,Uncategorized,tolong verifikasi wajahnya diperbaiki anj
130,Play Store,Netral,Uncategorized,"BNI tolong fitur Wondr nya ditambahkan rincian transfer masuk, jadi kita mengetahui secara jelas dana yang masuk Dulu BNI mobile banking apps ada rincian/keterangannya"
139,Play Store,Netral,Uncategorized,dari 2 transaksi gagal saldo tersedot baru kembali 1 transaksi.
161,Play Store,Netral,Uncategorized,pelayanan harap di tingkatkan .
167,Play Store,Netral,Uncategorized,memudahkan aktivitas transaksi
178,Play Store,Netral,Uncategorized,rekomen
180,Play Store,Netral,Uncategorized,mantaff
198,Play Store,Netral,Uncategorized,mudah digunakan
3,Play Store,Positif,Uncategorized,sangat baik
5,Play Store,Positif,Uncategorized,sangat membantu
13,Play Store,Positif,Uncategorized,BNI mobile banking sangat membantu saya dalam urusan transaksi
14,Play Store,Positif,Uncategorized,mantap
27,Play Store,Positif,Uncategorized,sngat baik
36,Play Store,Positif,Uncategorized,baik
41,Play Store,Positif,Uncategorized,saya suka apk ini
50,Play Store,Positif,Uncategorized,baik
54,Play Store,Positif,Uncategorized,"Langkah yg pasti n positive memang sangat perlu di pelihara dan di tingkatkan..., Bravo"
58,Play Store,Positif,Uncategorized,"harus punya pulsa dulu biar bisa tarik tunai tanpa kartu, padahal tetangga cuma masukin nomor hp sama kode tarik tunai, ga perlu pulsa buat dapetin kode otp jaman sekarang orang² udah sedikit yg beli pulsa reguler selebihnya oke"
63,Play Store,Positif,Uncategorized,mantap
66,Play Store,Positif,Uncategorized,"app yg nguji kesabaran,,utk makan uang nasabah cepat,,klo ada nasabah perlu lemot..."
67,Play Store,Positif,Uncategorized,👍👍👍
68,Play Store,Positif,Uncategorized,thanks bni👍👍👍
75,Play Store,Positif,Uncategorized,mantap
85,Play Store,Positif,Uncategorized,Wondr di buka susah alias Lola..beda jauh sama M banking sebelumnya lebih cepat lebih cepat dan mudah
92,Play Store,Positif,Uncategorized,aplikasi yang mudah di gunakan dalam berbagai transaksi dan tampilan yang sangat bagus untuk kalangan milenial dan mudah di pahami. Best
94,Play Store,Positif,Uncategorized,"mantap semoga Allah SWT selalu lindungan orang "" yang beriman dan bertakwa kepada Allah SWT"
97,Play Store,Positif,Uncategorized,sangat membantu
98,Play Store,Positif,Uncategorized,"kalau mau buat aplikasi itu sempurnakan dulu baru dirilis. setiap buka aplikasi loading lama banget, terus pake dibilang GK ada jaringan, buka YouTube dll aja lancar. kalau gaji GK melalui bank ini aja udah males banget pake ini wondr. masih enak pake aplikasi yg lama lebih oke."
118,Play Store,Positif,Uncategorized,sangat membantu transaksi saya.
121,Play Store,Positif,Uncategorized,Sangat praktis dan sangat membantu
125,Play Store,Positif,Uncategorized,bagus
127,Play Store,Positif,Uncategorized,mantap
131,Play Store,Positif,Uncategorized,sangat membantu sekali.
135,Play Store,Positif,Uncategorized,puas bnget bisa tau uang kita
136,Play Store,Positif,Uncategorized,paling menarik ini aku suka
137,Play Store,Positif,Uncategorized,terimakasih sudah memberikan kelonggaran.saat mendapatar.seneng sekali Terbaik Wondr by Bni
146,Play Store,Positif,Uncategorized,suka eng bisah
149,Play Store,Positif,Uncategorized,sangat membantu. dan menambah pengalaman
150,Play Store,Positif,Uncategorized,sangat nyaman lebih mudah dan praktis ada pertanyaan kalau gagal login tidak tersambung ke internet gimana cara memperbaiki terima kasih
152,Play Store,Positif,Uncategorized,"cukup stabil, buat transaksi di atas jam 12.00 dini hari"
156,Play Store,Positif,Uncategorized,sangat bagus
160,Play Store,Positif,Uncategorized,bagus banget
164,Play Store,Positif,Uncategorized,mantap.. mempermudah
166,Play Store,Positif,Uncategorized,bagus
176,Play Store,Positif,Uncategorized,BNI/ wonder by BNIluar biasa cepat dan mudah
195,Play Store,Positif,Uncategorized,bagus
196,Play Store,Positif,Uncategorized,bagus
